,K-Means,K-Means PCA
Silhouette Score,0.5797405292994808,0.5537420603431709
Davies-Bouldin Score,0.5149736256495967,0.6198107722400026
